date_hour,num_events,avg_temperature,max_temperature,min_temperature,avg_humidity,max_humidity,min_humidity,avg_co2,max_co2,min_co2,avg_battery,max_battery,min_battery,num_low_battery,num_high_co2,num_high_temp,num_low_temp,num_high_humidity,num_low_humidity,total_anomalies
2026-04-27 08:00:00,56,23.626785714285713,27.91,19.29,53.511785714285715,74.82,35.29,842.9464285714286,1181,400,96.91071428571429,100,93,0,16,15,5,4,9,49
2026-04-27 09:00:00,54,24.024444444444452,27.89,19.4,53.46203703703703,73.43,36.16,817.9629629629629,1198,400,89.57407407407408,93,86,0,18,13,4,6,12,53
2026-04-27 10:00:00,58,23.607758620689655,27.69,19.11,54.520172413793105,73.8,35.05,843.551724137931,1191,402,82.46551724137932,86,79,0,20,8,4,6,6,44
2026-04-27 11:00:00,54,23.38259259259259,27.89,19.07,58.576851851851856,74.97,36.81,853.5,1196,421,75.14814814814815,79,72,0,17,8,6,11,7,49
2026-04-27 12:00:00,55,22.90781818181818,27.75,19.01,54.51745454545456,74.38,38.09,763.4545454545455,1191,429,67.87272727272727,72,64,0,11,7,8,5,5,36
2026-04-27 13:00:00,58,23.90258620689655,27.82,19.26,54.207758620689646,74.84,36.48,818.2241379310345,1197,431,60.827586206896555,64,57,0,14,17,4,7,8,50
2026-04-27 14:00:00,56,23.576607142857146,27.92,19.08,54.07339285714287,72.63,35.87,841.4821428571429,1194,403,53.69642857142857,57,50,0,16,10,4,8,5,43
2026-04-27 15:00:00,51,24.056666666666665,27.94,19.06,54.158235294117674,74.61,35.21,772.9803921568628,1172,415,46.470588235294116,50,43,0,10,13,4,3,9,39
2026-04-27 16:00:00,20,23.246000000000002,27.47,19.22,56.534000000000006,74.63,35.42,859.85,1170,557,41.65,43,40,0,4,4,2,3,2,15
